,rmse,mae,r2,mape
train,0.42350588466064776,0.33403968443744214,0.7417116101297276,8.678174272753692
test,0.739311403284084,0.6245582894634293,0.2349250759187158,16.18082827306928
