Range,Lower,Upper,Count,RMSE,MAE,R²
Very Low,0,1000,62,0.739311403284084,0.6245582894634293,0.2349250759187158
